Date,Price
7/17/2017,1672
7/18/2017,1686.97
7/19/2017,1695
7/20/2017,1692
7/21/2017,1694
7/24/2017,1699
7/25/2017,1707
7/26/2017,1721
7/27/2017,1735
7/28/2017,1740
7/31/2017,1750
8/1/2017,1741
8/2/2017,1736
8/3/2017,1730
8/4/2017,1746
8/7/2017,1740
8/8/2017,1755
8/9/2017,1751
8/10/2017,1769
8/11/2017,1775
8/14/2017,1805
8/15/2017,1835
8/16/2017,1833
8/17/2017,1833
8/18/2017,1820
8/21/2017,1822
8/22/2017,1820
8/23/2017,1821
8/24/2017,1822
8/25/2017,1826
8/28/2017,1830
8/29/2017,1837
8/30/2017,1825
8/31/2017,1824
9/4/2017,1765
9/5/2017,1729
9/6/2017,1712
9/7/2017,1725
9/8/2017,1729
9/11/2017,1735
9/12/2017,1734
9/13/2017,1727
9/14/2017,1720
9/15/2017,1729
9/18/2017,1727
9/19/2017,1730
9/20/2017,1734
9/21/2017,1738
9/22/2017,1734
9/25/2017,1735
9/26/2017,1731
9/27/2017,1724
9/28/2017,1722
9/29/2017,1718
10/2/2017,1717
10/3/2017,1716
10/4/2017,1707
10/5/2017,1710
10/6/2017,1697
10/10/2017,1674
10/11/2017,1678
10/12/2017,1671
10/13/2017,1676
10/16/2017,1663
10/17/2017,1665
10/18/2017,1665
10/19/2017,1665
10/20/2017,1663
10/23/2017,1660
10/24/2017,1670
10/25/2017,1693
10/26/2017,1691
10/27/2017,1688
10/30/2017,1685
10/31/2017,1680
11/1/2017,1691
11/2/2017,1727
11/3/2017,1748
11/6/2017,1750
11/7/2017,1750
11/8/2017,1738
11/9/2017,1746
11/10/2017,1741
11/13/2017,1739
11/14/2017,1718
11/15/2017,1710
11/16/2017,1725
11/17/2017,1729
11/20/2017,1727
11/21/2017,1752
11/22/2017,1764
11/23/2017,1778
11/24/2017,1781
11/27/2017,1771
11/28/2017,1772
11/29/2017,1771
11/30/2017,1782
12/1/2017,1784
12/4/2017,1783
12/5/2017,1788
12/6/2017,1794
12/7/2017,1804
12/8/2017,1802
12/11/2017,1804
12/12/2017,1808
12/13/2017,1808
12/14/2017,1791
12/15/2017,1796
12/18/2017,1791
12/19/2017,1793
12/20/2017,1992
12/21/2017,1991
12/22/2017,1997
12/27/2017,2001
12/28/2017,1967
12/29/2017,1962
1/2/2018,1978
1/3/2018,1977
1/4/2018,1967
1/5/2018,1970
1/8/2018,1970
1/9/2018,1960
1/10/2018,1973
1/11/2018,1989
1/12/2018,2018
1/15/2018,2023
1/16/2018,2023
1/17/2018,2017
1/18/2018,2016
1/19/2018,2018
1/22/2018,2033
1/23/2018,2037
1/24/2018,2050
1/25/2018,2028
1/29/2018,2053
1/30/2018,2056
1/31/2018,2057
2/1/2018,2062
2/2/2018,2058
2/5/2018,2061.86
2/6/2018,2078
2/7/2018,2080
2/8/2018,2077
2/9/2018,2078
2/12/2018,2046
2/13/2018,2087
2/14/2018,2075
2/15/2018,2076
2/19/2018,2075
2/20/2018,2065
2/21/2018,2074
2/22/2018,2064
2/23/2018,2061
2/26/2018,2064
2/27/2018,2049
2/28/2018,2044
3/1/2018,2056
3/2/2018,2079
3/5/2018,2086
3/6/2018,2091
3/7/2018,2096
3/9/2018,2095
3/12/2018,2092
3/13/2018,2100
3/14/2018,2095
3/15/2018,2118
3/16/2018,2124
3/19/2018,2149
3/20/2018,2183
3/21/2018,2163
3/22/2018,2180
3/23/2018,2179
3/26/2018,2182
3/27/2018,2194
3/28/2018,2194
3/29/2018,2203
4/3/2018,2235
4/4/2018,2233
4/5/2018,2248
4/6/2018,2270
4/9/2018,2264
4/10/2018,2256
4/11/2018,2264
4/12/2018,2264
4/13/2018,2259
4/16/2018,2264
4/17/2018,2255
4/18/2018,2247
4/19/2018,2210
4/20/2018,2203
4/23/2018,2216
4/24/2018,2193
4/25/2018,2200
4/26/2018,2201
4/27/2018,2187
4/30/2018,2172
5/2/2018,2180
5/3/2018,2171
5/4/2018,2169
5/7/2018,2183
5/8/2018,2244
5/9/2018,2190
5/10/2018,2199
5/11/2018,2199
5/14/2018,2186
5/15/2018,2185
5/16/2018,2177
5/17/2018,2165
5/18/2018,2158
5/21/2018,2142
5/22/2018,2110
5/23/2018,2111
5/24/2018,2094
5/25/2018,2089
5/28/2018,2058
5/29/2018,2069
5/30/2018,2075
5/31/2018,2077
6/1/2018,2055
6/4/2018,2058
6/5/2018,2089
6/6/2018,2076
6/7/2018,2104
6/8/2018,2115.78
6/11/2018,2091
6/12/2018,2104
6/13/2018,2107
6/14/2018,2120
6/18/2018,2125
6/19/2018,2130
6/20/2018,2131
6/21/2018,2128
6/22/2018,2135
6/25/2018,2123
6/26/2018,2111
6/27/2018,2107
6/28/2018,2106
6/29/2018,2089
7/2/2018,2080
7/3/2018,2067
7/4/2018,2059
7/5/2018,2062
7/6/2018,2078
7/9/2018,2091
7/11/2018,2083
7/12/2018,2069
7/13/2018,2064
7/16/2018,2048
7/17/2018,2028
7/18/2018,2044
7/19/2018,2045
7/20/2018,2062
7/23/2018,2066
7/24/2018,2056
7/25/2018,2056
7/26/2018,2066
7/27/2018,2077
7/30/2018,2068
7/31/2018,2059
8/1/2018,2025
8/2/2018,2026
8/3/2018,2044
8/6/2018,2057
8/7/2018,2054
8/8/2018,2058
8/9/2018,2056
8/10/2018,2068
8/13/2018,2085
8/14/2018,2083
8/15/2018,2083
8/16/2018,2079
8/17/2018,2076
8/20/2018,2073
8/22/2018,2063
8/23/2018,2056
8/24/2018,2054
8/27/2018,2046
8/28/2018,2009
8/29/2018,2008
8/30/2018,2004
8/31/2018,2002
9/3/2018,1953
9/4/2018,1947
9/5/2018,1962
9/6/2018,1944
9/7/2018,1922
9/10/2018,1901
9/11/2018,1915.47
9/12/2018,1894
9/13/2018,1874
9/14/2018,1857
9/17/2018,1869
9/18/2018,1859
9/19/2018,1547.62
9/20/2018,1826
9/21/2018,1770
9/24/2018,1726
9/25/2018,1766
9/26/2018,1779
9/27/2018,1800
9/28/2018,1825
10/1/2018,1820
10/2/2018,1846
10/3/2018,1837
10/4/2018,1825
10/5/2018,1843
10/8/2018,1839
10/10/2018,1814
10/11/2018,1817
10/12/2018,1797
10/15/2018,1767
10/16/2018,1750
10/17/2018,1699
10/18/2018,1724
10/19/2018,1739
10/22/2018,1770
10/23/2018,1774
10/24/2018,1774
10/25/2018,1780
10/26/2018,1776
10/29/2018,1776
10/30/2018,1770
10/31/2018,1760
11/1/2018,1748
11/2/2018,1763
11/5/2018,1754
11/6/2018,1774
11/7/2018,1753
11/8/2018,1729
11/9/2018,1719
11/12/2018,1716
11/13/2018,1689
11/14/2018,1701
11/15/2018,1697
11/16/2018,1681
11/19/2018,1687
11/20/2018,1692
11/21/2018,1677.4
11/22/2018,1668
11/23/2018,1676
11/26/2018,1678
11/27/2018,1685
11/28/2018,1680
11/29/2018,1709
11/30/2018,1718
12/3/2018,1723
12/4/2018,1743
12/5/2018,1751
12/6/2018,1747
12/7/2018,1745
12/10/2018,1733
12/11/2018,1727
12/12/2018,1726.67
12/13/2018,1713.48
12/14/2018,1680.89
12/17/2018,1690.85
12/18/2018,1674.57
12/19/2018,1645.63
12/20/2018,1612.3
12/21/2018,1617.07
12/24/2018,1601.45
12/27/2018,1623
12/28/2018,1637.28
12/31/2018,1649.39
1/2/2019,1633.07
1/3/2019,1618.01
1/4/2019,1618.29
1/7/2019,1603.19
1/8/2019,1598.18
1/9/2019,1598.01
1/10/2019,1590.22
1/11/2019,1607.49
1/14/2019,1602.6
1/15/2019,1602.73
3/14/2019,1754
3/15/2019,1766.35
3/18/2019,1764
3/19/2019,1773.17
3/20/2019,1762.82
3/21/2019,1770.36
3/22/2019,1785
3/25/2019,1780.21
3/26/2019,1769.83
3/27/2019,1766.88
3/28/2019,1754.81
3/29/2019,1749.27
4/1/2019,1761.52
4/2/2019,1776.95
4/3/2019,1786.86
4/4/2019,1795.39
4/5/2019,1796.87
4/8/2019,1797.28
4/9/2019,1793.72
4/10/2019,1792.07
4/11/2019,1795.81
4/12/2019,1794.9
4/15/2019,1792.6
4/16/2019,1795.8
4/17/2019,1791.54
4/18/2019,1784.68
4/23/2019,1787.03
4/24/2019,1792
4/25/2019,1796
4/26/2019,1794.17
4/29/2019,1798.64
4/30/2019,1778.28
5/2/2019,1770.98
5/3/2019,1795.2
5/6/2019,1784
5/7/2019,1763.83
5/8/2019,1759
5/9/2019,1754
5/10/2019,1732.72
5/13/2019,1709.88
5/14/2019,1676.81
5/15/2019,1645.23
5/16/2019,1635.06
5/17/2019,1635.5
5/20/2019,1628.61
5/21/2019,1636.91
5/22/2019,1656.59
5/23/2019,1662.33
5/24/2019,1658.73
5/27/2019,1651.46
5/28/2019,1652.04
5/29/2019,1662.83
5/30/2019,1678.05
5/31/2019,1675.43
6/5/2019,1683.19
6/6/2019,1677.41
6/7/2019,1686.54
6/10/2019,1695.1
6/11/2019,1683.93
6/12/2019,1678.48
6/13/2019,1689.44
6/14/2019,1692.49
6/17/2019,1676
6/18/2019,1667
6/19/2019,1668.79
6/20/2019,1655.28
6/21/2019,1637.08
6/24/2019,1625.11
6/25/2019,1627.7
6/26/2019,1635.66
6/27/2019,1626.43
6/28/2019,1614.82
7/1/2019,1617.71
7/2/2019,1623.86
7/3/2019,1627.15
7/4/2019,1635.82
7/5/2019,1635.26
7/8/2019,1636.26
7/9/2019,1634.89
7/10/2019,1635.75
7/11/2019,1643.32
7/12/2019,1648.92
7/15/2019,1649.41
7/16/2019,1640.22
7/17/2019,1632.36
7/18/2019,1633.78
7/19/2019,1629.15
7/22/2019,1639
7/23/2019,1631.48
7/24/2019,1621
7/25/2019,1630.51
7/26/2019,1632
7/29/2019,1630.82
7/30/2019,1634.1
7/31/2019,1626.91
8/1/2019,1619.48
8/2/2019,1625.53
8/5/2019,1630.47
8/6/2019,1614.62
8/7/2019,1612.88
8/8/2019,1608
8/9/2019,1614.57
8/12/2019,1619.57
8/13/2019,1618.39
8/14/2019,1618.29
8/15/2019,1612.2
8/16/2019,1604.94
8/19/2019,1593.96
8/20/2019,1590.9
8/21/2019,1589.15
8/22/2019,1585.66
8/23/2019,1595.02
8/26/2019,1593.98
8/27/2019,1590.43
8/28/2019,1596.29
8/29/2019,1577.16
8/30/2019,1583.32
9/2/2019,1577.17
9/3/2019,1567.85
9/4/2019,1564.43
9/5/2019,1562.13
9/6/2019,1546.54
9/9/2019,1525.46
9/10/2019,1540.43
9/11/2019,1542.29
9/12/2019,1534.52
9/13/2019,1539.27
9/16/2019,1541.93
9/17/2019,1545.18
9/18/2019,1539.99
9/19/2019,1547.62
9/20/2019,1549.35
9/23/2019,1554.04
9/24/2019,1552.04
9/25/2019,1559.7
9/26/2019,1565.48
9/27/2019,1560.09
9/30/2019,1559.53
10/1/2019,1555.94
10/2/2019,1557.25
10/3/2019,1559.05
10/4/2019,1558.5
10/7/2019,1554.88
10/8/2019,1533.26
10/10/2019,1531.06
10/11/2019,1531.79
10/14/2019,1539.05
10/15/2019,1540.3
10/16/2019,1539.71
10/17/2019,1538.79
10/18/2019,1562.75
10/21/2019,1566.2
10/22/2019,1566.72
10/23/2019,1582.05
10/24/2019,1592.55
10/25/2019,1611.43
10/28/2019,1622.89
10/29/2019,1619.46
10/30/2019,1626.78
10/31/2019,1688.22
11/1/2019,1749.5
11/4/2019,1821.08
11/5/2019,1784.42
11/6/2019,1760.99
11/7/2019,1817.33
11/8/2019,1798.5
11/11/2019,1764.22
11/12/2019,1766.07
11/13/2019,1757.23
11/14/2019,1741.35
11/15/2019,1735.23
11/18/2019,1750.05
11/19/2019,1776.57
11/20/2019,1760.54
11/21/2019,1761.92
11/22/2019,1762.64
11/25/2019,1758.15
11/26/2019,1746.91
11/27/2019,1731.11
11/28/2019,1733.3
11/29/2019,1751.34
12/2/2019,1757.29
12/3/2019,1751.45
12/4/2019,1758
12/5/2019,1778.04
12/6/2019,1787.15
12/9/2019,1788.09
12/10/2019,1774.62
12/11/2019,1767.86
12/12/2019,1763.37
12/13/2019,1763.59
12/16/2019,1765.16
12/17/2019,1758.62
12/18/2019,1769.97
12/19/2019,1784.91
12/20/2019,1794.54
12/23/2019,1800.32
12/24/2019,1794.63
12/27/2019,1798.37
12/30/2019,1791.85
12/31/2019,1800.72
1/2/2020,1818.76
1/3/2020,1830.21
1/6/2020,1850.61
1/7/2020,1844.08
1/8/2020,1827.53
1/9/2020,1836.79
1/10/2020,1844.36
1/13/2020,1850.21
1/14/2020,1849.35
1/15/2020,1822.96
1/16/2020,1810.12
1/17/2020,1809.49
1/20/2020,1813.08
1/21/2020,1818.39
1/22/2020,1811.39
1/23/2020,1811.49
1/24/2020,1820.26
1/27/2020,1827.31
1/28/2020,1822.35
1/29/2020,1822.12
1/30/2020,1820.21
1/31/2020,1821.86
2/3/2020,1819.41
2/4/2020,1813.07
2/5/2020,1819.21
2/6/2020,1853
2/7/2020,1861.26
2/10/2020,1837.71
2/11/2020,1827.57
2/12/2020,1829.02
2/13/2020,1817.88
2/14/2020,1809.81
2/17/2020,1806.19
2/18/2020,1791.09
2/19/2020,1784.59
2/20/2020,1775.36
2/21/2020,1766.78
2/24/2020,1761.41
2/25/2020,1754.22
2/26/2020,1730.75
2/27/2020,1724.47
2/28/2020,1712.67
3/2/2020,1655.28
3/3/2020,1652.57
3/4/2020,1691.3
3/5/2020,1716.06
3/6/2020,1742.29
3/10/2020,1657.07
3/11/2020,1675.37
3/12/2020,1689.48
3/13/2020,1633.13
3/16/2020,1546.26
3/17/2020,1499.78
3/18/2020,1492.35
3/19/2020,1492.29
3/20/2020,1456.65
3/24/2020,1375.59
3/25/2020,1295.68
3/26/2020,1315.36
3/27/2020,1317.56
3/30/2020,1290.21
3/31/2020,1305.34
4/1/2020,1329.65
4/2/2020,1320.58
4/3/2020,1310.08
4/6/2020,1319.23
4/7/2020,1320.93
4/8/2020,1293.94
4/9/2020,1302.19
4/14/2020,1288.88
4/15/2020,1305.36
4/16/2020,1300.08
4/17/2020,1295
4/20/2020,1283.11
4/21/2020,1301.02
4/22/2020,1306.92
4/23/2020,1325.56
4/24/2020,1317.73
4/27/2020,1322.06
4/28/2020,1328.4
4/29/2020,1331.25
4/30/2020,1362.06
5/4/2020,1395.63
5/5/2020,1432.89
5/6/2020,1460.29
5/7/2020,1496.49
5/8/2020,1466.84
5/11/2020,1442.2
5/12/2020,1434.38
5/13/2020,1424.5
5/14/2020,1388.22
5/15/2020,1345.3
5/18/2020,1343.81
5/19/2020,1369.9
5/20/2020,1398.79
5/21/2020,1389.6
5/22/2020,1371.44
5/25/2020,1383.91
5/26/2020,1384.22
5/27/2020,1382.98
5/28/2020,1366.88
5/29/2020,1369.52
6/1/2020,1350.31
6/2/2020,1350.31
6/4/2020,1336.12
6/5/2020,1350.31
6/8/2020,1350.31
6/10/2020,1351.67
6/11/2020,1352.71
6/12/2020,1361.05
6/15/2020,1355.46
6/16/2020,1359.26
6/17/2020,1368.89
6/18/2020,1378.08
6/19/2020,1384.64
6/22/2020,1388.37
6/23/2020,1386.6
6/24/2020,1380.61
6/25/2020,1382.11
6/26/2020,1379.34
6/29/2020,1371.95
6/30/2020,1369.84
7/1/2020,1357.32
7/2/2020,1352.5
7/3/2020,1335.4
7/6/2020,1335.36
7/7/2020,1320.37
7/8/2020,1316.55
7/9/2020,1310.37
7/10/2020,1288.69
7/13/2020,1291.84
7/14/2020,1314.1
7/15/2020,1313.56
7/16/2020,1319.64
7/17/2020,1315.83
7/20/2020,1322.9
7/21/2020,1318.67
7/22/2020,1307.88
7/23/2020,1287.88
7/24/2020,1291.87
7/27/2020,1312.76
7/28/2020,1306.94
7/29/2020,1307.1
7/30/2020,1301.56
8/3/2020,1285.01
8/4/2020,1282.44
8/5/2020,1266.95
8/6/2020,1263.5
8/7/2020,1245.67
8/10/2020,1244.68
8/11/2020,1245.79
8/12/2020,1223.91
8/13/2020,1223.4
8/14/2020,1200.36
8/17/2020,1206.9
8/18/2020,1224.59
8/19/2020,1229.93
8/20/2020,1231.05
8/21/2020,1268.66
8/24/2020,1265.97
8/25/2020,1273.38
8/26/2020,1278.31
8/27/2020,1291.74
8/28/2020,1321.2
8/31/2020,1332.11
9/1/2020,1343.59
9/2/2020,1364.36
9/3/2020,1376.54
9/4/2020,1380.81
9/7/2020,1351.84
9/8/2020,1345.09
9/9/2020,1328.43
9/10/2020,1345.04
9/11/2020,1364.38
9/14/2020,1371.52
9/15/2020,1370.05
9/16/2020,1365.25
9/17/2020,1359.77
9/18/2020,1338.41
9/21/2020,1359
9/22/2020,1345
9/23/2020,1342.99
9/24/2020,1346.98
9/25/2020,1349.81
9/28/2020,1362.2
9/29/2020,1382.83
9/30/2020,1361.95
10/1/2020,1386.04
10/2/2020,1373.93
10/5/2020,1362.27
10/6/2020,1355.71
10/7/2020,1346.35
10/8/2020,1341.36
10/12/2020,1348.51
10/13/2020,1355.85
10/14/2020,1346.73
10/15/2020,1341.42
10/16/2020,1344.05
10/19/2020,1337.86
10/20/2020,1343.21
10/21/2020,1336.97
10/22/2020,1333.56
10/23/2020,1329.34
10/26/2020,1321.22
10/27/2020,1309.64
10/28/2020,1310.9
10/29/2020,1311.6
10/30/2020,1306.58
11/2/2020,1297.96
11/3/2020,1290.78
11/4/2020,1281.09
11/5/2020,1279.73
11/6/2020,1300.87
11/9/2020,1296.2
11/10/2020,1294.81
11/11/2020,1311.71
11/12/2020,1346.82
11/13/2020,1335.45
11/16/2020,1338.04
11/17/2020,1338
11/18/2020,1336.07
11/19/2020,1328.45
11/20/2020,1306.13
11/23/2020,1302.77
11/24/2020,1308.76
11/25/2020,1312.8
11/26/2020,1313.93
11/27/2020,1311.73
11/30/2020,1294.19
12/1/2020,1291.73
12/2/2020,1297.07
12/3/2020,1291.48
12/4/2020,1289.25
12/7/2020,1281.46
12/8/2020,1277.07
12/9/2020,1273.41
12/10/2020,1277.33
12/11/2020,1274.52
12/14/2020,1274.85
12/15/2020,1270.8
12/16/2020,1267.26
12/17/2020,1257.83
12/18/2020,1254.38
12/21/2020,1258.78
12/22/2020,1263.72
12/23/2020,1263.15
12/24/2020,1291.26
12/28/2020,1295.19
12/29/2020,1297.02
12/30/2020,1297.59
12/31/2020,1309.86
1/4/2021,1317.91
1/5/2021,1320.71
1/6/2021,1329.97
1/7/2021,1330.07
1/8/2021,1329.9
1/11/2021,1327.09
1/12/2021,1322.96
1/13/2021,1326.74
1/18/2021,1317.96
1/19/2021,1304.75
1/20/2021,1301.65
1/21/2021,1306.2
1/22/2021,1308.48
1/25/2021,1302.02
1/27/2021,1292.98
1/28/2021,1296.89
1/29/2021,1299.94
2/1/2021,1298.12
2/2/2021,1304.09
2/3/2021,1305.43
2/4/2021,1318.27
2/5/2021,1329
2/8/2021,1333.52
2/9/2021,1348.11
2/10/2021,1353.08
2/11/2021,1369.89
2/12/2021,1374.89
2/15/2021,1372.44
2/17/2021,1383.39
2/18/2021,1394.47
2/19/2021,1389.14
2/22/2021,1379.56
2/23/2021,1371.63
2/24/2021,1364.1
2/25/2021,1357.93
2/26/2021,1352.13
3/1/2021,1357.18
3/2/2021,1361.47
3/3/2021,1360.97
3/4/2021,1357.08
3/5/2021,1357.59
3/9/2021,1363.33
3/10/2021,1371.5
3/11/2021,1388.65
3/12/2021,1395.99
3/15/2021,1411.97
3/16/2021,1411.07
3/17/2021,1415.06
3/18/2021,1415.99
3/19/2021,1429.3
3/22/2021,1426.6
3/23/2021,1422.19
3/24/2021,1426.75
3/25/2021,1432.36
3/26/2021,1426.59
3/29/2021,1412.23
3/30/2021,1348.56
3/31/2021,1355.12
4/1/2021,1367.33
4/6/2021,1381.63
4/7/2021,1370.71
4/8/2021,1370.69
4/9/2021,1366.87
4/12/2021,1381.26
4/13/2021,1394.6
4/14/2021,1406.23
4/15/2021,1419.4
4/16/2021,1414.95
4/19/2021,1416.51
4/20/2021,1407.33
4/21/2021,1409.57
4/22/2021,1403.72
4/23/2021,1383.33
4/26/2021,1396.45
4/27/2021,1399.37
4/28/2021,1389.1
4/29/2021,1391.5
4/30/2021,1390.42
5/3/2021,1387.53
5/4/2021,1392.01
5/5/2021,1390.75
5/6/2021,1392.03
5/7/2021,1411.44
5/10/2021,1419.72
5/11/2021,1424.94
5/14/2021,1414.2
5/17/2021,1411.82
5/18/2021,1401.87
5/19/2021,1403.99
5/20/2021,1402.84
5/21/2021,1405.06
5/24/2021,1411.53
5/25/2021,1438.96
5/26/2021,1428.29
5/27/2021,1451.72
5/28/2021,1453.6
5/31/2021,1451.93
6/1/2021,1442.02
6/2/2021,1445.95
6/4/2021,1456.11
6/7/2021,1460.82
6/8/2021,1461.72
6/10/2021,1473.61
6/11/2021,1474.09
6/14/2021,1475.55
6/15/2021,1472.36
6/16/2021,1587.1
6/17/2021,1480.57
6/18/2021,1488.7
6/21/2021,1484.24
6/22/2021,1495.58
6/23/2021,1504.23
6/24/2021,1502.85
6/28/2021,1503.82
6/29/2021,1506.22
6/30/2021,1498.22
7/1/2021,1485.97
7/2/2021,1488.02
7/5/2021,1504.9
7/6/2021,1504.9
7/7/2021,1513.31
7/8/2021,1532.07
7/9/2021,1558.12
7/12/2021,1557.61
7/13/2021,1537.11
7/14/2021,1536.51
7/15/2021,1532.19
7/16/2021,1549.37
7/19/2021,1546.7
7/21/2021,1544.91
7/22/2021,1528.44
7/23/2021,1528.69
7/26/2021,1528.69
7/27/2021,1534.78
7/28/2021,1532.92
7/29/2021,1527.1
7/30/2021,1525.23
8/2/2021,1529.45
8/3/2021,1534.01
8/4/2021,1529.62
8/5/2021,1532.47
8/6/2021,1527.21
8/9/2021,1527.39
8/10/2021,1534.81
8/11/2021,1537.76
8/12/2021,1543.76
8/13/2021,1535.36
8/16/2021,1543.16
8/17/2021,1544
8/18/2021,1542.9
8/19/2021,1582.18
8/20/2021,1582.93
8/23/2021,1557.19
8/24/2021,1564.27
8/25/2021,1562.6
8/26/2021,1557.81
8/27/2021,1557.44
8/30/2021,1570.18
8/31/2021,1574.27
9/1/2021,1561.14
9/2/2021,1552.22
9/3/2021,1530.9
9/6/2021,1511.73
9/7/2021,1494.55
9/8/2021,1502.02
9/9/2021,1508.02
9/10/2021,1510.75
9/13/2021,1522.21
9/14/2021,1524.82
9/15/2021,1527.35
9/16/2021,1521.72
9/17/2021,1531.52
9/20/2021,1553.45
9/21/2021,1552.54
9/22/2021,1532.14
9/23/2021,1521.68
9/24/2021,1520.1
9/27/2021,1513.44
9/28/2021,1513.87
9/29/2021,1515.84
9/30/2021,1511.3
10/1/2021,1517.28
10/4/2021,1516.43
10/5/2021,1506.43
10/6/2021,1485.84
10/7/2021,1484.79
10/8/2021,1484.94
10/11/2021,1488.7
10/12/2021,1498.39
10/13/2021,1489.49
10/14/2021,1492.1
10/15/2021,1483.1
10/18/2021,1492.08
10/19/2021,1494.92
10/20/2021,1496.59
10/21/2021,1487.9
10/22/2021,1488.95
10/25/2021,1480.41
10/26/2021,1468.36
10/27/2021,1466.94
10/28/2021,1474.98
10/29/2021,1465.56
11/1/2021,1464.61
11/2/2021,1465.32
11/3/2021,1467.54
11/4/2021,1466.4
11/5/2021,1466.4
11/8/2021,1460.69
11/9/2021,1456.69
11/10/2021,1468.59
11/11/2021,1477.6
11/12/2021,1468.18
11/15/2021,1465.16
11/16/2021,1451.38
11/17/2021,1450.04
11/18/2021,1448.04
11/19/2021,1461.69
11/22/2021,1467.64
11/23/2021,1457.79
11/24/2021,1454.1
11/25/2021,1442.16
11/26/2021,1431.65
11/29/2021,1435.88
11/30/2021,1423.28
12/1/2021,1407.34
12/2/2021,1393
12/3/2021,1372.43
12/6/2021,1362.15
12/7/2021,1365.16
12/8/2021,1348.04
12/9/2021,1378.26
12/10/2021,1378.61
12/13/2021,1384.73
12/14/2021,1380.72
12/15/2021,1388.57
12/16/2021,1390.63
12/17/2021,1395.85
12/20/2021,1389.04
12/21/2021,1395.67
12/22/2021,1404
12/23/2021,1408.37
12/24/2021,1406.98
12/27/2021,1406.98
12/28/2021,1409.86
12/29/2021,1413.16
12/30/2021,1417.05
12/31/2021,1420.69
1/3/2022,1417.73
1/4/2022,1433.53
1/5/2022,1433.73
1/6/2022,1425.7
1/7/2022,1422.98
1/10/2022,1430.37
1/11/2022,1423.49
1/12/2022,1405.6
1/13/2022,1403.3
1/14/2022,1370.48
1/17/2022,1370.45
1/18/2022,1379.1
1/19/2022,1377.62
1/20/2022,1380.49
1/21/2022,1377.77
1/24/2022,1376.56
1/25/2022,1384.32
1/27/2022,1385.56
1/28/2022,1368.43
1/31/2022,1369.34
2/1/2022,1378.72
2/2/2022,1374.67
2/3/2022,1387.94
2/4/2022,1397.53
2/7/2022,1397.87
2/8/2022,1394.93
2/9/2022,1394.05
2/10/2022,1379.36
2/11/2022,1385.33
2/14/2022,1387.4
2/15/2022,1367.08
2/17/2022,1379.21
2/18/2022,1370.66
2/21/2022,1373.14
2/22/2022,1374.19
2/23/2022,1387.96
2/24/2022,1390.18
2/25/2022,1391.66
2/28/2022,1337.09
3/1/2022,1337.68
3/2/2022,1326.99
3/3/2022,1319.79
3/4/2022,1329.95
3/7/2022,1341.63
3/9/2022,1344.5
3/10/2022,1342.19
3/11/2022,1345.57
3/14/2022,1341.52
3/15/2022,1607.93
3/16/2022,1332.14
3/17/2022,1339.38
3/18/2022,1338.99
3/21/2022,1327.97
3/22/2022,1341.2
3/23/2022,1324.08
3/24/2022,1330.59
3/25/2022,1364.15
3/28/2022,1335.42
3/29/2022,1323.23
3/30/2022,1321.88
3/31/2022,1316.41
4/1/2022,1316.41
4/4/2022,1325.2
4/5/2022,1316.7
4/6/2022,1297.09
4/7/2022,1308.23
4/11/2022,1290.99
4/12/2022,1296.76
4/13/2022,1300.89
4/14/2022,1302.75
4/19/2022,1306.27
4/20/2022,1291.86
4/21/2022,1298.89
4/22/2022,1292.14
4/25/2022,1283.08
4/26/2022,1286.92
4/27/2022,1287.47
4/28/2022,1287.75
4/29/2022,1246.99
5/3/2022,1244.67
5/4/2022,1248.52
5/5/2022,1244.97
5/6/2022,1242.7
5/9/2022,1226.92
5/10/2022,1226.93
5/11/2022,1232.58
5/12/2022,1214.84
5/13/2022,1219.44
5/16/2022,1228.45
5/17/2022,1228.63
5/18/2022,1232.76
5/19/2022,1227.73
5/20/2022,1219.74
5/23/2022,1226.59
5/24/2022,1218.98
5/25/2022,1214.3
5/26/2022,1205.5
5/27/2022,1216.77
5/30/2022,1240.94
5/31/2022,1249.07
6/1/2022,1266.06
6/2/2022,1264.1
6/7/2022,1257.71
6/8/2022,1243.58
6/10/2022,1243.57
6/13/2022,1238.16
6/14/2022,1225.92
6/15/2022,1217.92
6/16/2022,1209.12
6/17/2022,1202.17
6/20/2022,1184.08
6/21/2022,1172.17
6/22/2022,1156.18
6/23/2022,1157.15
6/24/2022,1151.49
6/27/2022,1145.36
6/28/2022,1133.32
6/29/2022,1130.12
6/30/2022,1148.15
7/1/2022,1164.58
7/4/2022,1204.5
7/5/2022,1205.62
7/6/2022,1209.24
7/7/2022,1211.11
7/8/2022,1238.28
7/11/2022,1261.33
7/12/2022,1270.92
7/13/2022,1264.29
7/14/2022,1251.58
7/15/2022,1250.48
7/18/2022,1243.31
7/19/2022,1246.91
7/20/2022,1234.45
7/21/2022,1230.52
7/22/2022,1243.61
7/25/2022,1240.32
7/26/2022,1251.07
7/27/2022,1253.15
7/28/2022,1254
7/29/2022,1296.43
8/1/2022,1308.9
8/2/2022,1303.08
8/3/2022,1300.49
8/4/2022,1299.79
8/5/2022,1307.87
8/8/2022,1303.3
8/9/2022,1304.43
8/10/2022,1310.91
8/11/2022,1349.17
8/12/2022,1341.05
8/15/2022,1331.07
8/16/2022,1312.39
8/17/2022,1331.76
8/18/2022,1337.62
8/19/2022,1319.65
8/22/2022,1344.13
8/23/2022,1326.87
8/24/2022,1313.51
8/25/2022,1298.34
8/26/2022,1296.65
8/29/2022,1300.59
8/30/2022,1288.91
8/31/2022,1280.14
9/1/2022,1277.97
9/2/2022,1272.72
9/5/2022,1276.77
9/6/2022,1282.29
9/7/2022,1298.66
9/8/2022,1295.11
9/9/2022,1295.75
9/12/2022,1291.54
9/13/2022,1274.61
9/14/2022,1274.92
9/15/2022,1276.41
9/16/2022,1270.32
9/19/2022,1247.17
9/20/2022,1242.84
9/21/2022,1199.45
9/22/2022,1244.6
9/23/2022,1256.86
9/26/2022,1245.92
9/27/2022,1250.63
9/28/2022,1253.18
9/29/2022,1263.28
9/30/2022,1263.28
10/3/2022,1254.97
10/4/2022,1260.94
10/5/2022,1242.85
10/6/2022,1232.33
10/7/2022,1221.1
10/10/2022,1220.01
10/11/2022,1219.33
10/12/2022,1218.77
10/13/2022,1211.65
10/14/2022,1207.7
10/17/2022,1257.51
10/18/2022,1261.24
10/19/2022,1258.43
10/20/2022,1254.49
10/21/2022,1254.76
10/24/2022,1248.13
10/25/2022,1262.52
10/26/2022,1259.08
10/27/2022,1260.55
10/28/2022,1263.34
10/31/2022,1257.55
11/1/2022,1253.67
11/2/2022,1247.38
11/3/2022,1240.07
11/4/2022,1239.91
11/7/2022,1232.49
11/8/2022,1215.59
11/9/2022,1208.22
11/10/2022,1205.15
11/11/2022,1205.38
11/14/2022,1205.34
11/15/2022,1211.8
11/16/2022,1217.34
11/17/2022,1229.78
11/18/2022,1230.28
11/21/2022,1231.18
11/22/2022,1231.18
11/23/2022,1216.68
11/24/2022,1215.06
11/25/2022,1216.38
11/28/2022,1219.63
11/29/2022,1216.99
11/30/2022,1228.03
12/1/2022,1220.93
12/2/2022,1217.32
12/5/2022,1208.74
12/6/2022,1201.99
12/7/2022,1201.22
12/8/2022,1201.39
12/9/2022,1209.88
12/12/2022,1203.82
12/13/2022,1204.08
12/14/2022,1212.94
12/15/2022,1212.94
12/16/2022,1225.83
12/19/2022,1202.69
12/20/2022,1198.32
12/21/2022,1197.88
12/22/2022,1191.92
12/23/2022,1199.5
12/27/2022,1196.11
12/28/2022,1196.11
12/29/2022,1219.78
12/30/2022,1212.58
1/2/2023,1213.79
1/3/2023,1215.21
1/4/2023,1219.8
1/5/2023,1219.8
1/6/2023,1215.21
1/9/2023,1223.38
1/10/2023,1498.02
1/11/2023,1224.73
1/12/2023,1219.52
1/13/2023,1223.16
1/16/2023,1222.2
1/17/2023,1221.79
1/18/2023,1226.69
1/19/2023,1213.89
1/20/2023,1214.79
1/23/2023,1213.98
1/24/2023,1210.28
1/25/2023,1212.05
1/27/2023,1212.05
1/30/2023,1176.87
1/31/2023,1217.75
2/1/2023,1212.73
2/2/2023,1205.88
2/3/2023,1211.67
2/6/2023,1211.22
2/7/2023,1217.16
2/8/2023,1218.68
2/9/2023,1209.39
2/10/2023,1211.27
2/13/2023,1215.93
2/14/2023,1214.6
2/15/2023,1213.3
2/17/2023,1215.1
2/20/2023,1218.24
2/21/2023,1205.34
2/22/2023,1207.5
2/23/2023,1214.45
2/24/2023,1212.06
2/27/2023,1207.11
2/28/2023,1207.93
3/1/2023,1207.52
3/2/2023,1206.23
3/3/2023,1199.14
3/6/2023,1196.48
3/7/2023,1187.4
3/9/2023,1174.73
3/10/2023,1170.45
3/13/2023,1159.3
3/14/2023,1154.53
3/15/2023,1151.89
3/16/2023,1151.08
3/17/2023,1152.8
3/20/2023,1122.35
3/21/2023,1090.63
3/22/2023,1082.02
3/23/2023,1092.95
3/24/2023,1106.01
3/27/2023,1107.49
3/28/2023,1113.07
3/29/2023,1133.9
3/30/2023,1136.35
3/31/2023,1148.26
4/3/2023,1133.16
4/4/2023,1139.73
4/5/2023,1146.22
4/6/2023,1138.73
4/11/2023,1137.92
4/12/2023,1137.85
4/13/2023,1144.41
4/14/2023,1128.98
4/17/2023,1122.21
4/18/2023,1119.71
4/19/2023,1119.71
4/20/2023,1119.91
4/24/2023,1123.08
4/25/2023,1112.01
4/26/2023,1119.82
4/27/2023,1118.61
4/28/2023,1116.42
5/2/2023,1122.03
5/3/2023,1112.58
5/4/2023,1110.37
5/5/2023,1108.85
5/8/2023,1089.41
5/9/2023,1091.16
5/10/2023,1082.43
5/11/2023,1069.24
5/12/2023,1053.26
5/15/2023,1045.34
5/16/2023,1028.42
5/17/2023,1028.03
5/18/2023,1041.45
5/19/2023,1041.46
5/22/2023,1042.17
5/23/2023,1033.65
5/24/2023,1033.61
5/25/2023,1017.29
5/26/2023,1019.46
5/29/2023,1021.39
5/30/2023,1024.05
5/31/2023,1041.05
6/1/2023,1050.1
6/2/2023,1047.16
6/5/2023,1040.02
6/6/2023,1033.71
6/7/2023,1036.26
6/8/2023,1048.58
6/12/2023,1048.09
6/13/2023,1048.16
6/14/2023,1051.73
6/15/2023,1049.86
6/16/2023,1032.83
6/19/2023,1021.04
6/20/2023,1018.78
6/21/2023,1010.31
6/22/2023,1006.67
6/23/2023,1007.08
6/26/2023,998.16
6/27/2023,1007.16
6/29/2023,1008.57
6/30/2023,1017.68
7/3/2023,1020.16
7/4/2023,1012.56
7/5/2023,1026.75
7/6/2023,1024.57
7/7/2023,1022.33
7/10/2023,1029.05
7/11/2023,1026.9
7/12/2023,1026.66
7/13/2023,1031.68
7/14/2023,1038.53
7/17/2023,1047.6
7/18/2023,1048.42
7/19/2023,1058.4
7/20/2023,1058.43
7/21/2023,1050.45
7/24/2023,1054.94
7/25/2023,1043.27
7/26/2023,1040.49
7/27/2023,1037.98
7/28/2023,1020.61
7/31/2023,1008.66
8/1/2023,1000.21
8/2/2023,988.58
8/3/2023,985.5
8/4/2023,984.76
8/7/2023,989.99
8/8/2023,992.6
8/9/2023,992.5
8/10/2023,1000.99
8/11/2023,1010.23
8/14/2023,1004.4
8/15/2023,997.3
8/16/2023,995.92
8/17/2023,988.69
8/18/2023,981.43
8/21/2023,986.73
8/22/2023,974.9
8/23/2023,961.4
8/24/2023,961.18
8/25/2023,959.7
8/28/2023,962.18
8/29/2023,956.05
8/30/2023,958.18
8/31/2023,955.62
9/1/2023,960.21
9/4/2023,956.41
9/5/2023,954.8
9/6/2023,952.12
9/7/2023,953.33
9/8/2023,953.72
9/11/2023,946.32
9/12/2023,941.67
9/13/2023,942.17
9/14/2023,944.39
9/15/2023,945.01
9/18/2023,946.87
9/19/2023,943.46
9/20/2023,943.12
9/21/2023,947.79
9/22/2023,947.25
9/25/2023,948.2
9/26/2023,948.28
9/27/2023,943.56
9/28/2023,939.29
9/29/2023,939.25
10/2/2023,928.33
10/3/2023,925.75
10/4/2023,928.53
10/5/2023,919.7
10/6/2023,928.74
10/10/2023,797.38
10/11/2023,923.89
10/12/2023,932.36
10/13/2023,918.11
10/16/2023,928.27
10/17/2023,927.64
10/18/2023,929.09
10/19/2023,942.58
10/20/2023,935.66
10/23/2023,936.24
10/24/2023,933.03
10/25/2023,932.71
10/26/2023,930.88
10/27/2023,930.07
10/30/2023,925.85
10/31/2023,926.94
11/1/2023,921.02
11/2/2023,917.1
11/3/2023,913.09
11/6/2023,913.08
11/7/2023,902.05
11/8/2023,896.44
11/9/2023,895.79
11/10/2023,897.93
11/13/2023,894.75
11/14/2023,896.25
11/15/2023,897.66
11/16/2023,900.9
11/17/2023,906.2
11/20/2023,904.13
11/21/2023,903.28
11/22/2023,907.47
11/23/2023,908.09
11/24/2023,908.82
11/27/2023,908.33
11/28/2023,907.72
11/29/2023,908.84
11/30/2023,901.49
12/1/2023,896.81
12/4/2023,889.32
12/5/2023,894.49
12/6/2023,893.98
12/7/2023,889.66
12/8/2023,891.04
12/11/2023,893.77
12/12/2023,895.22
12/13/2023,895.22
12/14/2023,891.16
12/15/2023,883.61
12/18/2023,874.89
12/19/2023,877.08
12/20/2023,876.44
12/21/2023,875.19
12/22/2023,873.04
12/27/2023,868.88
12/28/2023,872.3
12/29/2023,872.5
1/2/2024,871.22
1/3/2024,875.11
1/4/2024,876.23
1/5/2024,887.51
1/8/2024,889.29
1/9/2024,890.96
1/10/2024,891.17
1/11/2024,883.51
1/12/2024,883.19
1/15/2024,888.7
1/16/2024,879.27
1/17/2024,880.57
1/18/2024,879.14
1/19/2024,870.26
1/22/2024,870.95
1/23/2024,871.14
1/24/2024,871.56
1/25/2024,871.21
1/29/2024,872.8
1/30/2024,859.49
1/31/2024,857.32
2/1/2024,862.71
2/2/2024,865.04
2/5/2024,865.93
2/6/2024,873.83
2/7/2024,872.36
2/8/2024,872.64
2/9/2024,876.19
2/12/2024,875.89
2/13/2024,877.55
2/14/2024,880.4
2/15/2024,892.11
2/19/2024,907.96
2/20/2024,909.81
2/21/2024,911.13
2/22/2024,909.22
2/23/2024,913.97
2/26/2024,925.49
2/27/2024,928.05
2/28/2024,924.35
2/29/2024,918.74
3/1/2024,914.14
3/4/2024,917.25
3/5/2024,921.79
3/6/2024,927.44
3/7/2024,928.64
3/11/2024,931.5
3/12/2024,945.15
3/13/2024,939.11
3/14/2024,939.66
3/15/2024,961.41
3/18/2024,973.19
3/19/2024,987.69
3/20/2024,992.33
3/21/2024,996.18
3/22/2024,1016.18
3/25/2024,1012.82
3/26/2024,1022.33
3/27/2024,1044.02
3/28/2024,1071.92
4/2/2024,1078.05
4/3/2024,1061.89
4/4/2024,1062.62
4/5/2024,1059.65
4/8/2024,1060.79
4/9/2024,1061.45
4/11/2024,1060.16
4/12/2024,1053.27
4/15/2024,1060.28
4/16/2024,1053.93
4/17/2024,1055.36
4/18/2024,1039.41
4/19/2024,1040.05
4/22/2024,1045.05
4/23/2024,1033.16
4/24/2024,1032.14
4/25/2024,1037.46
4/26/2024,1031.24
4/29/2024,1030.14
4/30/2024,1039.19
5/2/2024,1035.95
5/3/2024,1037.37
5/6/2024,1021.89
5/7/2024,1021.44
5/8/2024,1030.95
5/9/2024,1029.64
5/13/2024,1046.43
5/14/2024,1044.25
5/15/2024,1053.96
5/16/2024,1051.71
5/17/2024,1050.4
5/20/2024,1051.72
5/21/2024,1065.27
5/22/2024,1078.74
5/23/2024,1081.57
5/24/2024,1079.31
5/27/2024,1085.4
5/28/2024,1084.69
5/29/2024,1070.29
5/30/2024,1080.36
5/31/2024,1086.52
6/4/2024,1088.46
6/5/2024,1085.33
6/6/2024,1072.76
6/7/2024,1070.7
6/10/2024,1074.62
6/11/2024,1069.64
6/12/2024,1067.62
6/13/2024,1061.83
6/14/2024,1060.37
6/17/2024,1055.99
6/18/2024,1058.28
6/19/2024,1094.68
6/20/2024,1057.38
6/21/2024,1054.06
6/24/2024,1068.19
6/25/2024,1055.13
6/26/2024,1053.41
6/27/2024,1031.07
6/28/2024,1028.93
7/1/2024,1025.79
7/2/2024,1027.55
7/3/2024,1023.26
7/4/2024,1019.66
7/5/2024,1020.61
7/8/2024,1023.22
7/9/2024,1029.32
7/10/2024,1041.94
7/11/2024,1041.45
7/12/2024,1047.68
7/15/2024,1042.2
7/16/2024,1044.96
7/17/2024,1041.31
7/18/2024,1041.05
7/19/2024,1043.28
7/22/2024,1044.37
7/23/2024,1038.73
7/24/2024,1032.29
7/25/2024,1030.17
7/26/2024,1021.33
7/29/2024,1026.64
7/30/2024,1023.11
7/31/2024,1021.27
8/1/2024,1029.65
8/2/2024,1027.12
8/5/2024,1022.53
8/6/2024,1021.75
8/7/2024,1016.98
8/8/2024,1018.35
8/9/2024,1009.05
8/12/2024,1011.73
8/13/2024,1022.8
8/14/2024,1023.65
8/15/2024,1021.39
8/16/2024,1020.74
8/19/2024,1022.73
8/20/2024,1023.06
8/21/2024,1018.23
8/22/2024,1027.98
8/23/2024,1028.33
8/26/2024,1030.31
8/27/2024,1024.14
8/28/2024,1036.47
8/29/2024,1035.55
8/30/2024,1034.64
9/2/2024,1035.82
9/3/2024,1040.84
9/4/2024,1046.31
9/5/2024,1055.03
9/6/2024,1058.42
9/9/2024,1058.49
9/10/2024,1059.3
9/11/2024,1059.39
9/12/2024,1064.31
9/13/2024,1063.46
9/16/2024,1061.09
9/17/2024,1059.19
9/18/2024,1067.18
9/19/2024,1059.2
9/20/2024,1069.81
9/23/2024,1069.21
9/24/2024,1078.08
9/25/2024,1078.76
9/26/2024,1087.84
9/27/2024,1095.61
9/30/2024,1093.71
10/1/2024,1096.43
10/2/2024,1093.02
10/3/2024,1097.06
10/4/2024,1103.13
10/7/2024,1115.57
10/8/2024,1116.78
10/10/2024,1121.38
10/11/2024,1134.27
10/14/2024,1128.11
10/15/2024,1128.21
10/16/2024,1140.06
10/17/2024,1135.21
10/18/2024,1150.24
10/21/2024,1172.07
10/22/2024,1172.67
10/23/2024,1177.23
10/24/2024,1175.77
10/25/2024,1177.86
10/28/2024,1156.5
10/29/2024,1156.58
10/30/2024,1161.68
10/31/2024,1160.51
11/1/2024,1157.01
11/4/2024,1158.5
11/5/2024,1166.68
11/6/2024,1168.05
11/7/2024,1168.92
11/8/2024,1171.83
11/11/2024,1176.32
11/12/2024,1182.12
11/13/2024,1185.55
11/14/2024,1189.16
11/15/2024,1192.74
11/18/2024,1184.11
11/19/2024,1184.8
11/20/2024,1183.13
11/21/2024,1180.76
11/22/2024,1166.22
11/25/2024,1168.27
11/26/2024,1163.52
11/27/2024,1165.06
11/28/2024,1153.31
11/29/2024,1140.26
12/2/2024,1147.76
12/3/2024,1140.41
12/4/2024,1146.74
12/5/2024,1138.82
12/6/2024,1132.91
12/9/2024,1141.47
12/10/2024,1140.25
12/11/2024,1141.02
12/12/2024,1151.1
12/13/2024,1149.97
12/16/2024,1176.83
12/17/2024,1174.38
12/18/2024,1165.28
12/19/2024,1171.54
12/20/2024,1159.11
12/23/2024,1164.74
12/24/2024,1166.59
12/27/2024,1164.97
12/30/2024,1177.19
12/31/2024,1194.8
1/2/2025,1209.11
1/3/2025,1216.29
1/6/2025,1217.9
1/7/2025,1233.09
1/8/2025,1237.09
1/9/2025,1250.38
1/10/2025,1257.44
1/13/2025,1264.92
1/14/2025,1278.75
1/15/2025,1288.06
1/16/2025,1287.64
